,cpi,unemployment,gdp,industrial_prod,fed_funds,personal_income,retail_sales,housing_starts,treasury_10y,treasury_2y
1954-07-31,26.86,5.8,390.996,18.0907,0.8,391.8,159177.0,1657.0,4.1,7.02
1954-10-31,26.72,5.7,399.734,18.3058,0.85,391.8,159177.0,1657.0,4.1,7.02
1955-01-31,26.77,4.9,413.073,19.2735,1.39,391.8,159177.0,1657.0,4.1,7.02
1955-04-30,26.79,4.7,421.532,20.2143,1.43,391.8,159177.0,1657.0,4.1,7.02
1955-07-31,26.76,4.0,430.221,20.7251,1.68,391.8,159177.0,1657.0,4.1,7.02
1955-10-31,26.82,4.3,437.092,21.182,2.24,391.8,159177.0,1657.0,4.1,7.02
1956-01-31,26.83,4.0,439.746,21.4508,2.45,391.8,159177.0,1657.0,4.1,7.02
1956-04-30,26.93,4.0,446.01,21.424,2.62,391.8,159177.0,1657.0,4.1,7.02
1956-07-31,27.29,4.4,451.191,20.4025,2.75,391.8,159177.0,1657.0,4.1,7.02
1956-10-31,27.51,3.9,460.463,21.9078,2.96,391.8,159177.0,1657.0,4.1,7.02
1957-01-31,27.67,4.2,469.779,21.9616,2.84,391.8,159177.0,1657.0,4.1,7.02
1957-04-30,27.93,3.9,472.025,21.8541,3.0,391.8,159177.0,1657.0,4.1,7.02
1957-07-31,28.19,4.2,479.49,21.9616,2.99,391.8,159177.0,1657.0,4.1,7.02
1957-10-31,28.32,4.5,474.864,21.4508,3.5,391.8,159177.0,1657.0,4.1,7.02
1958-01-31,28.64,5.8,467.54,20.1606,2.72,391.8,159177.0,1657.0,4.1,7.02
1958-04-30,28.94,7.4,471.978,19.166,1.26,391.8,159177.0,1657.0,4.1,7.02
1958-07-31,28.89,7.5,485.841,20.1606,0.68,391.8,159177.0,1657.0,4.1,7.02
1958-10-31,28.91,6.7,499.555,20.9939,1.8,391.8,159177.0,1657.0,4.1,7.02
1959-01-31,29.01,6.0,510.33,21.9616,2.48,391.8,159177.0,1657.0,4.1,7.02
1959-02-28,29.0,5.9,510.33,22.3917,2.43,393.7,159177.0,1667.0,4.1,7.02
1959-03-31,28.97,5.6,510.33,22.7142,2.8,396.5,159177.0,1620.0,4.1,7.02
1959-04-30,28.98,5.2,522.653,23.1981,2.96,399.9,159177.0,1590.0,4.1,7.02
1959-05-31,29.04,5.1,522.653,23.5476,2.9,402.4,159177.0,1498.0,4.1,7.02
1959-06-30,29.11,5.0,522.653,23.5744,3.39,404.8,159177.0,1503.0,4.1,7.02
1959-07-31,29.15,5.1,525.034,23.0099,3.47,405.4,159177.0,1547.0,4.1,7.02
1959-08-31,29.18,5.2,525.034,22.2304,3.5,403.7,159177.0,1430.0,4.1,7.02
1959-09-30,29.25,5.5,525.034,22.2035,3.76,405.1,159177.0,1540.0,4.1,7.02
1959-10-31,29.35,5.7,528.6,22.0422,3.98,406.6,159177.0,1355.0,4.1,7.02
1959-11-30,29.35,5.8,528.6,22.1766,4.0,409.9,159177.0,1416.0,4.1,7.02
1959-12-31,29.41,5.3,528.6,23.5475,3.99,414.6,159177.0,1601.0,4.1,7.02
1960-01-31,29.37,5.2,542.648,24.1658,3.99,415.7,159177.0,1460.0,4.1,7.02
1960-02-29,29.41,4.8,542.648,23.9508,3.97,416.6,159177.0,1503.0,4.1,7.02
1960-03-31,29.41,5.4,542.648,23.7357,3.84,417.6,159177.0,1109.0,4.1,7.02
1960-04-30,29.54,5.2,541.08,23.5476,3.92,420.6,159177.0,1289.0,4.1,7.02
1960-05-31,29.57,5.1,541.08,23.5207,3.85,422.1,159177.0,1271.0,4.1,7.02
1960-06-30,29.61,5.4,541.08,23.225,3.32,422.6,159177.0,1247.0,4.1,7.02
1960-07-31,29.55,5.5,545.604,23.1443,3.23,424.1,159177.0,1197.0,4.1,7.02
1960-08-31,29.61,5.6,545.604,23.1175,2.98,424.1,159177.0,1344.0,4.1,7.02
1960-09-30,29.61,5.5,545.604,22.8755,2.6,424.9,159177.0,1097.0,4.1,7.02
1960-10-31,29.75,6.1,540.197,22.8487,2.47,426.7,159177.0,1246.0,4.1,7.02
1960-11-30,29.78,6.1,540.197,22.5261,2.44,426.3,159177.0,1246.0,4.1,7.02
1960-12-31,29.81,6.6,540.197,22.096,1.98,424.4,159177.0,1063.0,4.1,7.02
1961-01-31,29.84,6.6,545.018,22.1229,1.45,428.3,159177.0,1183.0,4.1,7.02
1961-02-28,29.84,6.9,545.018,22.096,2.54,430.3,159177.0,1226.0,4.1,7.02
1961-03-31,29.84,6.9,545.018,22.2304,2.02,431.9,159177.0,1312.0,4.1,7.02
1961-04-30,29.81,7.0,555.545,22.6874,1.49,432.5,159177.0,1166.0,4.1,7.02
1961-05-31,29.84,7.1,555.545,23.0368,1.98,436.1,159177.0,1228.0,4.1,7.02
1961-06-30,29.84,6.9,555.545,23.3594,1.73,440.5,159177.0,1382.0,4.1,7.02
1961-07-31,29.92,7.0,567.664,23.6282,1.17,442.7,159177.0,1335.0,4.1,7.02
1961-08-31,29.94,6.6,567.664,23.8432,2.0,443.3,159177.0,1312.0,4.1,7.02
1961-09-30,29.98,6.7,567.664,23.8164,1.88,444.3,159177.0,1429.0,4.1,7.02
1961-10-31,29.98,6.5,580.612,24.2733,2.26,448.7,159177.0,1415.0,4.1,7.02
1961-11-30,29.98,6.1,580.612,24.6497,2.61,452.7,159177.0,1385.0,4.1,7.02
1961-12-31,30.01,6.0,580.612,24.8647,2.33,455.6,159177.0,1365.0,4.1,7.02
1962-01-31,30.04,5.8,594.013,24.6496,2.15,456.0,159177.0,1361.0,4.1,7.02
1962-02-28,30.11,5.5,594.013,25.0529,2.37,459.1,159177.0,1278.0,4.0,7.02
1962-03-31,30.17,5.6,594.013,25.1873,2.85,462.9,159177.0,1443.0,3.86,7.02
1962-04-30,30.21,5.6,600.366,25.241,2.78,465.8,159177.0,1524.0,3.86,7.02
1962-05-31,30.24,5.5,600.366,25.2141,2.36,466.8,159177.0,1483.0,3.9,7.02
1962-06-30,30.21,5.5,600.366,25.1604,2.68,467.7,159177.0,1404.0,4.0,7.02
1962-07-31,30.22,5.4,609.027,25.4023,2.71,469.7,159177.0,1450.0,4.04,7.02
1962-08-31,30.28,5.7,609.027,25.4292,2.93,471.1,159177.0,1517.0,3.96,7.02
1962-09-30,30.42,5.6,609.027,25.5905,2.9,473.7,159177.0,1324.0,3.94,7.02
1962-10-31,30.38,5.4,612.28,25.6174,2.9,475.7,159177.0,1533.0,3.92,7.02
1962-11-30,30.38,5.7,612.28,25.7249,2.94,477.8,159177.0,1622.0,3.92,7.02
1962-12-31,30.38,5.5,612.28,25.7249,2.93,479.8,159177.0,1564.0,3.85,7.02
1963-01-31,30.44,5.7,621.672,25.913,2.92,484.0,159177.0,1244.0,3.87,7.02
1963-02-28,30.48,5.9,621.672,26.2088,3.0,481.9,159177.0,1456.0,3.94,7.02
1963-03-31,30.51,5.7,621.672,26.37,2.98,483.7,159177.0,1534.0,3.95,7.02
1963-04-30,30.48,5.7,629.752,26.612,2.9,485.0,159177.0,1689.0,3.95,7.02
1963-05-31,30.51,5.9,629.752,26.9345,3.0,487.9,159177.0,1641.0,3.96,7.02
1963-06-30,30.61,5.6,629.752,27.0152,2.99,491.3,159177.0,1588.0,4.0,7.02
1963-07-31,30.69,5.6,644.444,26.9076,3.02,492.5,159177.0,1614.0,4.0,7.02
1963-08-31,30.75,5.4,644.444,26.9614,3.49,494.9,159177.0,1639.0,4.02,7.02
1963-09-30,30.72,5.5,644.444,27.2302,3.48,498.2,159177.0,1763.0,4.07,7.02
1963-10-31,30.75,5.5,653.938,27.4184,3.5,501.9,159177.0,1779.0,4.15,7.02
1963-11-30,30.78,5.7,653.938,27.5528,3.48,503.6,159177.0,1622.0,4.08,7.02
1963-12-31,30.88,5.5,653.938,27.499,3.38,508.4,159177.0,1491.0,4.14,7.02
1964-01-31,30.94,5.6,669.822,27.7409,3.48,511.3,159177.0,1603.0,4.15,7.02
1964-02-29,30.91,5.4,669.822,27.9291,3.48,514.1,159177.0,1820.0,4.18,7.02
1964-03-31,30.94,5.4,669.822,27.9291,3.43,517.0,159177.0,1517.0,4.23,7.02
1964-04-30,30.95,5.3,678.674,28.3861,3.47,520.6,159177.0,1448.0,4.22,7.02
1964-05-31,30.98,5.1,678.674,28.5474,3.5,523.8,159177.0,1467.0,4.19,7.02
1964-06-30,31.01,5.2,678.674,28.628,3.5,526.3,159177.0,1550.0,4.15,7.02
1964-07-31,31.02,4.9,692.031,28.8162,3.42,529.9,159177.0,1562.0,4.19,7.02
1964-08-31,31.05,5.0,692.031,29.0043,3.5,533.3,159177.0,1569.0,4.21,7.02
1964-09-30,31.08,5.1,692.031,29.1119,3.45,536.3,159177.0,1455.0,4.18,7.02
1964-10-31,31.12,5.1,697.319,28.7087,3.36,536.9,159177.0,1524.0,4.16,7.02
1964-11-30,31.21,4.8,697.319,29.5957,3.52,541.3,159177.0,1486.0,4.2,7.02
1964-12-31,31.25,5.0,697.319,29.9452,3.85,547.5,159177.0,1484.0,4.21,7.02
1965-01-31,31.28,4.9,717.79,30.2677,3.9,551.5,159177.0,1361.0,4.19,7.02
1965-02-28,31.28,5.1,717.79,30.4559,3.98,552.0,159177.0,1433.0,4.22,7.02
1965-03-31,31.31,4.7,717.79,30.8591,4.05,555.4,159177.0,1423.0,4.2,7.02
1965-04-30,31.38,4.8,730.191,30.9935,4.09,558.6,159177.0,1438.0,4.21,7.02
1965-05-31,31.48,4.6,730.191,31.2354,4.1,562.9,159177.0,1478.0,4.23,7.02
1965-06-30,31.61,4.6,730.191,31.4774,4.05,566.2,159177.0,1488.0,4.2,7.02
1965-07-31,31.58,4.4,749.323,31.7731,4.09,570.4,159177.0,1529.0,4.22,7.02
1965-08-31,31.55,4.4,749.323,31.9075,4.12,572.9,159177.0,1432.0,4.27,7.02
1965-09-30,31.62,4.3,749.323,31.9881,4.02,587.2,159177.0,1482.0,4.35,7.02
1965-10-31,31.65,4.2,771.857,32.3107,4.08,584.9,159177.0,1452.0,4.41,7.02
1965-11-30,31.75,4.1,771.857,32.4451,4.1,590.2,159177.0,1460.0,4.48,7.02
1965-12-31,31.85,4.0,771.857,32.8483,4.32,595.5,159177.0,1656.0,4.65,7.02
1966-01-31,31.88,4.0,795.734,33.1709,4.42,597.7,159177.0,1370.0,4.69,7.02
1966-02-28,32.08,3.8,795.734,33.3859,4.6,603.1,159177.0,1378.0,5.02,7.02
1966-03-31,32.18,3.8,795.734,33.8429,4.66,607.9,159177.0,1394.0,4.71,7.02
1966-04-30,32.28,3.8,804.981,33.8967,4.67,609.5,159177.0,1352.0,4.79,7.02
1966-05-31,32.35,3.9,804.981,34.2192,4.9,612.2,159177.0,1265.0,4.8,7.02
1966-06-30,32.38,3.8,804.981,34.3805,5.17,616.7,159177.0,1194.0,4.97,7.02
1966-07-31,32.45,3.8,819.638,34.5687,5.3,620.4,159177.0,1086.0,5.05,7.02
1966-08-31,32.65,3.8,819.638,34.5955,5.53,625.9,159177.0,1119.0,5.36,7.02
1966-09-30,32.75,3.7,819.638,34.9181,5.4,631.7,159177.0,1046.0,5.02,7.02
1966-10-31,32.85,3.7,833.302,35.16,5.53,636.0,159177.0,843.0,4.97,7.02
1966-11-30,32.88,3.6,833.302,34.9181,5.76,640.9,159177.0,961.0,5.12,7.02
1966-12-31,32.92,3.8,833.302,34.9987,5.4,642.0,159177.0,990.0,4.64,7.02
1967-01-31,32.9,3.9,844.17,35.1638,4.94,648.0,159177.0,1067.0,4.52,7.02
1967-02-28,33.0,3.8,844.17,34.765,5.0,649.6,159177.0,1123.0,4.72,7.02
1967-03-31,33.0,3.8,844.17,34.5691,4.53,653.9,159177.0,1056.0,4.5,7.02
1967-04-30,33.1,3.8,848.983,34.8951,4.05,654.4,159177.0,1091.0,4.78,7.02
1967-05-31,33.1,3.8,848.983,34.5907,3.94,656.9,159177.0,1304.0,4.81,7.02
1967-06-30,33.3,3.9,848.983,34.5863,3.98,661.6,159177.0,1248.0,5.22,7.02
1967-07-31,33.4,3.8,865.233,34.5076,3.79,667.2,159177.0,1364.0,5.16,7.02
1967-08-31,33.5,3.8,865.233,35.1687,3.9,672.5,159177.0,1407.0,5.27,7.02
1967-09-30,33.6,3.8,865.233,35.1116,3.99,675.0,159177.0,1421.0,5.31,7.02
1967-10-31,33.7,4.0,881.439,35.3976,3.88,677.8,159177.0,1491.0,5.64,7.02
1967-11-30,33.9,3.9,881.439,35.9038,4.13,684.4,159177.0,1538.0,5.74,7.02
1967-12-31,34.0,3.8,881.439,36.2905,4.51,687.4,159177.0,1308.0,5.7,7.02
1968-01-31,34.1,3.7,909.387,36.2514,4.61,694.3,159177.0,1380.0,5.54,7.02
1968-02-29,34.2,3.8,909.387,36.3813,4.71,702.5,159177.0,1520.0,5.56,7.02
1968-03-31,34.3,3.7,909.387,36.4949,5.05,710.8,159177.0,1466.0,5.76,7.02
1968-04-30,34.4,3.5,934.344,36.5477,5.76,716.2,159177.0,1554.0,5.74,7.02
1968-05-31,34.5,3.5,934.344,36.9577,6.12,722.6,159177.0,1408.0,5.86,7.02
1968-06-30,34.7,3.7,934.344,37.0934,6.07,728.3,159177.0,1405.0,5.64,7.02
1968-07-31,34.9,3.7,950.825,37.0366,6.03,735.0,159177.0,1512.0,5.39,7.02
1968-08-31,35.0,3.5,950.825,37.1399,6.03,741.4,159177.0,1495.0,5.42,7.02
1968-09-30,35.1,3.4,950.825,37.2806,5.78,747.4,159177.0,1556.0,5.49,7.02
1968-10-31,35.3,3.4,968.03,37.3546,5.91,752.0,159177.0,1569.0,5.61,7.02
1968-11-30,35.4,3.4,968.03,37.8378,5.82,758.0,159177.0,1630.0,5.78,7.02
1968-12-31,35.6,3.4,968.03,37.9573,6.02,762.6,159177.0,1548.0,6.16,7.02
1969-01-31,35.7,3.4,993.337,38.1869,6.3,766.3,159177.0,1769.0,6.19,7.02
1969-02-28,35.8,3.4,993.337,38.4313,6.61,771.8,159177.0,1705.0,6.26,7.02
1969-03-31,36.1,3.4,993.337,38.7326,6.79,779.0,159177.0,1561.0,6.3,7.02
1969-04-30,36.3,3.4,1009.02,38.5901,7.41,784.3,159177.0,1524.0,6.2,7.02
1969-05-31,36.4,3.4,1009.02,38.4443,8.67,790.5,159177.0,1583.0,6.56,7.02
1969-06-30,36.6,3.5,1009.02,38.8198,8.9,797.1,159177.0,1528.0,6.73,7.02
1969-07-31,36.8,3.5,1029.956,39.0248,8.61,805.0,159177.0,1368.0,6.66,7.02
1969-08-31,36.9,3.5,1029.956,39.1145,9.19,812.2,159177.0,1358.0,6.83,7.02
1969-09-30,37.1,3.7,1029.956,39.1057,9.15,817.7,159177.0,1507.0,7.51,7.02
1969-10-31,37.3,3.7,1038.147,39.1171,9.0,822.0,159177.0,1381.0,6.94,7.02
1969-11-30,37.5,3.5,1038.147,38.7484,8.85,826.4,159177.0,1229.0,7.29,7.02
1969-12-31,37.7,3.5,1038.147,38.6444,8.97,831.9,159177.0,1327.0,7.88,7.02
1970-01-31,37.9,3.9,1051.2,37.9288,8.98,836.4,159177.0,1085.0,7.75,7.02
1970-02-28,38.1,4.2,1051.2,37.9038,8.98,841.8,159177.0,1305.0,6.9,7.02
1970-03-31,38.3,4.4,1051.2,37.8546,7.76,847.1,159177.0,1319.0,7.08,7.02
1970-04-30,38.5,4.6,1067.375,37.7573,8.1,859.9,159177.0,1264.0,7.82,7.02
1970-05-31,38.6,4.8,1067.375,37.7133,7.95,857.7,159177.0,1290.0,7.95,7.02
1970-06-30,38.8,4.9,1067.375,37.5913,7.61,862.6,159177.0,1385.0,7.68,7.02
1970-07-31,38.9,5.0,1086.059,37.6836,7.21,870.6,159177.0,1517.0,7.38,7.02
1970-08-31,39.0,5.1,1086.059,37.6164,6.62,875.1,159177.0,1399.0,7.49,7.02
1970-09-30,39.2,5.4,1086.059,37.3571,6.29,878.4,159177.0,1534.0,7.29,7.02
1970-10-31,39.4,5.5,1088.608,36.6098,6.2,879.7,159177.0,1580.0,7.33,7.02
1970-11-30,39.6,5.9,1088.608,36.3881,5.6,882.3,159177.0,1647.0,6.49,7.02
1970-12-31,39.8,6.1,1088.608,37.2237,4.9,889.2,159177.0,1893.0,6.5,7.02
1971-01-31,39.9,5.9,1135.156,37.5101,4.14,898.8,159177.0,1828.0,6.09,7.02
1971-02-28,39.9,5.9,1135.156,37.4386,3.72,903.2,159177.0,1741.0,6.14,7.02
1971-03-31,40.0,6.0,1135.156,37.398,3.71,909.0,159177.0,1910.0,5.53,7.02
1971-04-30,40.1,5.9,1156.271,37.608,4.16,915.0,159177.0,1986.0,6.08,7.02
1971-05-31,40.3,5.9,1156.271,37.7989,4.63,922.4,159177.0,2049.0,6.38,7.02
1971-06-30,40.5,5.9,1156.271,37.9574,4.91,943.8,159177.0,2026.0,6.7,7.02
1971-07-31,40.6,6.0,1177.675,37.8472,5.31,934.8,159177.0,2083.0,6.85,7.02
1971-08-31,40.7,6.1,1177.675,37.6276,5.57,940.8,159177.0,2158.0,6.28,7.02
1971-09-30,40.8,6.0,1177.675,38.2391,5.55,947.7,159177.0,2041.0,6.0,7.02
1971-10-31,40.9,5.8,1190.297,38.5253,5.2,951.8,159177.0,2128.0,5.87,7.02
1971-11-30,41.0,6.0,1190.297,38.6888,4.91,958.6,159177.0,2182.0,5.93,7.02
1971-12-31,41.1,6.0,1190.297,39.1355,4.14,967.4,159177.0,2295.0,5.89,7.02
1972-01-31,41.2,5.8,1230.609,40.0728,3.51,976.1,159177.0,2494.0,6.09,7.02
1972-02-29,41.4,5.7,1230.609,40.4789,3.3,987.9,159177.0,2390.0,6.04,7.02
1972-03-31,41.4,5.8,1230.609,40.761,3.83,995.6,159177.0,2334.0,6.12,7.02
1972-04-30,41.5,5.7,1266.369,41.1654,4.17,998.5,159177.0,2249.0,6.14,7.02
1972-05-31,41.6,5.7,1266.369,41.1693,4.27,1004.9,159177.0,2221.0,6.05,7.02
1972-06-30,41.7,5.7,1266.369,41.2778,4.46,1009.2,159177.0,2254.0,6.15,7.02
1972-07-31,41.8,5.6,1290.566,41.2389,4.55,1019.0,159177.0,2252.0,6.12,7.02
1972-08-31,41.9,5.6,1290.566,41.805,4.81,1031.4,159177.0,2382.0,6.42,7.02
1972-09-30,42.1,5.5,1290.566,42.1288,4.87,1040.0,159177.0,2481.0,6.54,7.02
1972-10-31,42.2,5.6,1328.904,42.6703,5.05,1065.1,159177.0,2485.0,6.41,7.02
1972-11-30,42.4,5.3,1328.904,43.1755,5.06,1079.2,159177.0,2421.0,6.28,7.02
1972-12-31,42.5,5.2,1328.904,43.6617,5.33,1086.6,159177.0,2366.0,6.41,7.02
1973-01-31,42.7,4.9,1377.49,43.9783,5.94,1085.6,159177.0,2481.0,6.54,7.02
1973-02-28,43.0,5.0,1377.49,44.6103,6.58,1095.3,159177.0,2289.0,6.64,7.02
1973-03-31,43.4,4.9,1377.49,44.6294,7.09,1104.4,159177.0,2365.0,6.73,7.02
1973-04-30,43.7,5.0,1413.887,44.568,7.12,1114.7,159177.0,2084.0,6.7,7.02
1973-05-31,43.9,4.9,1413.887,44.8608,7.84,1125.1,159177.0,2266.0,6.93,7.02
1973-06-30,44.2,4.9,1413.887,44.9186,8.49,1134.7,159177.0,2067.0,6.94,7.02
1973-07-31,44.2,4.8,1433.838,45.085,10.4,1142.2,159177.0,2123.0,7.43,7.02
1973-08-31,45.0,4.8,1433.838,45.0221,10.5,1152.0,159177.0,2051.0,7.25,7.02
1973-09-30,45.2,4.8,1433.838,45.3801,10.78,1163.4,159177.0,1874.0,6.9,7.02
1973-10-31,45.6,4.6,1476.289,45.7462,10.01,1180.2,159177.0,1677.0,6.71,7.02
1973-11-30,45.9,4.8,1476.289,45.9548,10.03,1192.6,159177.0,1724.0,6.69,7.02
1973-12-31,46.3,4.9,1476.289,45.8252,9.95,1199.2,159177.0,1526.0,6.9,7.02
1974-01-31,46.8,5.1,1491.209,45.5207,9.65,1200.4,159177.0,1451.0,7.0,7.02
1974-02-28,47.3,5.2,1491.209,45.3825,8.97,1207.1,159177.0,1752.0,7.01,7.02
1974-03-31,47.8,5.1,1491.209,45.3798,9.35,1213.1,159177.0,1555.0,7.41,7.02
1974-04-30,48.1,5.1,1530.056,45.247,10.51,1220.9,159177.0,1607.0,7.66,7.02
1974-05-31,48.6,5.1,1530.056,45.6083,11.31,1234.1,159177.0,1426.0,7.52,7.02
1974-06-30,49.0,5.4,1530.056,45.5216,11.93,1243.7,159177.0,1513.0,7.64,7.02
1974-07-31,49.3,5.5,1560.026,45.6136,12.92,1257.8,159177.0,1316.0,7.89,7.02
1974-08-31,49.9,5.5,1560.026,45.1303,12.01,1268.8,159177.0,1142.0,8.11,7.02
1974-09-30,50.6,5.9,1560.026,45.1377,11.34,1280.7,159177.0,1150.0,7.94,7.02
1974-10-31,51.0,6.0,1599.679,44.995,10.06,1294.0,159177.0,1070.0,7.79,7.02
1974-11-30,51.5,6.6,1599.679,43.5148,9.45,1296.0,159177.0,1026.0,7.64,7.02
1974-12-31,51.9,7.2,1599.679,41.9503,8.53,1305.4,159177.0,975.0,7.4,7.02
1975-01-31,52.3,8.1,1616.116,41.3689,7.13,1312.3,159177.0,1032.0,7.53,7.02
1975-02-28,52.6,8.1,1616.116,40.4252,6.24,1318.8,159177.0,904.0,7.46,7.02
1975-03-31,52.8,8.6,1616.116,39.9804,5.54,1324.2,159177.0,993.0,8.01,7.02
1975-04-30,53.0,8.8,1651.853,40.0572,5.49,1330.3,159177.0,1005.0,8.31,7.02
1975-05-31,53.1,9.0,1651.853,39.9402,5.22,1343.8,159177.0,1121.0,8.04,7.02
1975-06-30,53.5,8.8,1651.853,40.1927,5.55,1375.8,159177.0,1087.0,7.96,7.02
1975-07-31,54.0,8.6,1709.82,40.6115,6.1,1372.3,159177.0,1226.0,8.2,7.02
1975-08-31,54.2,8.4,1709.82,41.0114,6.14,1388.5,159177.0,1260.0,8.22,7.02
1975-09-30,54.6,8.4,1709.82,41.5422,6.24,1398.7,159177.0,1264.0,8.48,7.02
1975-10-31,54.9,8.4,1761.831,41.7224,5.82,1413.4,159177.0,1344.0,7.91,7.02
1975-11-30,55.3,8.3,1761.831,41.7797,5.22,1422.4,159177.0,1360.0,8.14,7.02
1975-12-31,55.6,8.2,1761.831,42.3462,5.2,1432.3,159177.0,1321.0,7.76,7.02
1976-01-31,55.8,7.9,1820.487,42.9082,4.87,1447.2,159177.0,1367.0,7.8,7.02
1976-02-29,55.9,7.7,1820.487,43.3407,4.77,1457.5,159177.0,1538.0,7.77,7.02
1976-03-31,56.0,7.6,1820.487,43.4281,4.84,1463.6,159177.0,1421.0,7.66,7.02
1976-04-30,56.1,7.7,1852.332,43.6518,4.82,1472.5,159177.0,1395.0,7.67,7.02
1976-05-31,56.4,7.4,1852.332,43.8315,5.29,1481.2,159177.0,1459.0,7.96,7.02
1976-06-30,56.7,7.6,1852.332,43.8775,5.48,1489.9,159177.0,1495.0,7.86,7.02
1976-07-31,57.0,7.8,1886.558,44.1248,5.31,1506.7,159177.0,1401.0,7.86,6.74
1976-08-31,57.3,7.8,1886.558,44.4262,5.29,1519.3,159177.0,1550.0,7.66,6.5
1976-09-30,57.6,7.6,1886.558,44.5711,5.25,1529.2,159177.0,1720.0,7.55,6.33
1976-10-31,57.9,7.7,1934.273,44.56,5.02,1536.7,159177.0,1629.0,7.42,6.03
1976-11-30,58.1,7.8,1934.273,45.2454,4.95,1557.2,159177.0,1641.0,7.01,5.42
1976-12-31,58.4,7.8,1934.273,45.731,4.65,1570.7,159177.0,1804.0,6.81,5.34
1977-01-31,58.7,7.5,1988.648,45.4156,4.61,1572.2,159177.0,1527.0,7.4,6.18
1977-02-28,59.3,7.6,1988.648,46.1358,4.68,1589.6,159177.0,1943.0,7.45,6.08
1977-03-31,59.6,7.4,1988.648,46.7158,4.69,1604.7,159177.0,2063.0,7.42,6.01
1977-04-30,60.0,7.2,2055.909,47.1719,4.73,1620.9,159177.0,1892.0,7.45,6.14
1977-05-31,60.2,7.0,2055.909,47.541,5.35,1633.2,159177.0,1971.0,7.38,6.18
1977-06-30,60.5,7.2,2055.909,47.9063,5.39,1644.9,159177.0,1893.0,7.2,6.08
1977-07-31,60.8,6.9,2118.473,47.9714,5.42,1662.6,159177.0,2058.0,7.42,6.5
1977-08-31,61.1,7.0,2118.473,48.0157,5.9,1676.9,159177.0,2020.0,7.28,6.59
1977-09-30,61.3,6.8,2118.473,48.2097,6.14,1693.7,159177.0,1949.0,7.41,6.82
1977-10-31,61.6,6.8,2164.27,48.2839,6.47,1716.3,159177.0,2042.0,7.62,7.23
1977-11-30,62.0,6.8,2164.27,48.3755,6.51,1739.8,159177.0,2042.0,7.55,7.11
1977-12-31,62.3,6.4,2164.27,48.4573,6.56,1756.0,159177.0,2142.0,7.78,7.22
1978-01-31,62.7,6.4,2202.76,47.7512,6.7,1760.1,159177.0,1718.0,7.94,7.47
1978-02-28,63.0,6.3,2202.76,48.0098,6.78,1776.2,159177.0,1738.0,8.04,7.57
1978-03-31,63.4,6.3,2202.76,48.9358,6.79,1797.9,159177.0,2032.0,8.15,7.7
1978-04-30,63.9,6.1,2331.633,49.9074,6.89,1821.9,159177.0,2197.0,8.24,7.97
1978-05-31,64.5,6.0,2331.633,50.1513,7.36,1837.0,159177.0,2075.0,8.42,8.12
1978-06-30,65.0,5.9,2331.633,50.4751,7.6,1855.8,159177.0,2070.0,8.62,8.48
1978-07-31,65.5,6.2,2395.053,50.4371,7.81,1876.2,159177.0,2092.0,8.56,8.47
1978-08-31,65.9,5.9,2395.053,50.6393,8.04,1894.2,159177.0,1996.0,8.39,8.46
1978-09-30,66.5,6.0,2395.053,50.7631,8.45,1907.5,159177.0,1970.0,8.56,8.7
1978-10-31,67.1,5.8,2476.949,51.1523,8.96,1929.7,159177.0,1981.0,8.96,9.49
1978-11-30,67.5,5.9,2476.949,51.5456,9.76,1944.0,159177.0,2094.0,8.86,9.55
1978-12-31,67.9,6.0,2476.949,51.806,10.03,1964.2,159177.0,2044.0,9.15,9.98
1979-01-31,68.5,5.9,2526.61,51.525,10.07,1985.6,159177.0,1630.0,8.95,9.64
1979-02-28,69.2,5.9,2526.61,51.778,10.06,2004.1,159177.0,1520.0,9.17,9.89
1979-03-31,69.9,5.8,2526.61,51.9382,10.09,2025.9,159177.0,1847.0,9.11,9.72
1979-04-30,70.6,5.8,2591.247,51.3251,10.01,2030.6,159177.0,1748.0,9.35,9.91
1979-05-31,71.4,5.6,2591.247,51.7782,10.24,2044.6,159177.0,1876.0,9.06,9.56
1979-06-30,72.2,5.7,2591.247,51.7865,10.29,2060.4,159177.0,1913.0,8.81,8.97
1979-07-31,73.0,5.7,2667.565,51.7029,10.47,2091.8,159177.0,1760.0,9.01,9.31
1979-08-31,73.7,6.0,2667.565,51.3658,10.94,2111.2,159177.0,1778.0,9.24,9.84
1979-09-30,74.4,5.9,2667.565,51.3623,11.43,2129.7,159177.0,1832.0,9.44,10.1
1979-10-31,75.2,6.0,2723.883,51.7175,13.77,2147.1,159177.0,1681.0,10.72,12.06
1979-11-30,76.0,5.9,2723.883,51.6341,13.18,2168.9,159177.0,1524.0,10.38,11.33
1979-12-31,76.9,6.0,2723.883,51.6694,13.78,2192.7,159177.0,1498.0,10.33,11.23
1980-01-31,78.0,6.3,2789.842,51.944,13.82,2218.8,159177.0,1341.0,11.13,11.75
1980-02-29,79.0,6.3,2789.842,51.9633,14.13,2232.6,159177.0,1350.0,12.72,14.73
1980-03-31,80.1,6.3,2789.842,51.7454,17.19,2248.1,159177.0,1047.0,12.64,14.63
1980-04-30,80.9,6.9,2797.352,50.7197,17.61,2257.2,159177.0,1051.0,10.76,10.81
1980-05-31,81.7,7.5,2797.352,49.4766,10.98,2267.7,159177.0,927.0,10.25,9.25
1980-06-30,82.5,7.6,2797.352,48.8383,9.47,2287.5,159177.0,1196.0,10.09,8.97
1980-07-31,82.6,7.8,2856.483,48.4907,9.03,2322.4,159177.0,1269.0,10.76,9.72
1980-08-31,83.2,7.7,2856.483,48.6456,9.61,2346.7,159177.0,1436.0,11.55,11.36
1980-09-30,83.9,7.5,2856.483,49.4578,10.87,2378.6,159177.0,1471.0,11.86,12.13
1980-10-31,84.7,7.5,2985.557,50.0861,12.81,2418.3,159177.0,1523.0,12.46,13.08
1980-11-30,85.6,7.5,2985.557,50.9209,15.85,2443.9,159177.0,1510.0,12.72,14.13
1980-12-31,86.4,7.2,2985.557,51.257,18.9,2471.7,159177.0,1482.0,12.43,13.06
1981-01-31,87.2,7.5,3124.206,50.9328,19.08,2487.4,159177.0,1547.0,12.68,13.26
1981-02-28,88.0,7.4,3124.206,50.7237,15.93,2505.5,159177.0,1246.0,13.43,14.08
1981-03-31,88.6,7.4,3124.206,50.9806,14.7,2531.0,159177.0,1306.0,13.13,13.17
1981-04-30,89.1,7.2,3162.532,50.7661,15.72,2537.4,159177.0,1360.0,14.11,14.84
1981-05-31,89.7,7.5,3162.532,51.0552,18.52,2556.4,159177.0,1140.0,13.5,14.4
1981-06-30,90.5,7.5,3162.532,51.3214,19.1,2580.7,159177.0,1045.0,13.86,14.66
1981-07-31,91.5,7.2,3260.609,51.6555,19.04,2635.3,159177.0,1041.0,14.67,15.84
1981-08-31,92.2,7.4,3260.609,51.5903,17.82,2661.8,159177.0,940.0,15.41,16.73
1981-09-30,93.1,7.6,3260.609,51.3429,15.87,2674.0,159177.0,911.0,15.84,16.69
1981-10-31,93.4,7.9,3280.818,50.9463,15.08,2675.8,159177.0,873.0,14.63,14.59
1981-11-30,93.8,8.3,3280.818,50.3546,13.31,2693.3,159177.0,837.0,13.13,12.36
1981-12-31,94.1,8.5,3280.818,49.8086,12.37,2699.9,159177.0,910.0,13.98,13.63
1982-01-31,94.4,8.6,3274.302,48.7877,13.22,2709.9,159177.0,843.0,14.14,14.24
1982-02-28,94.7,8.9,3274.302,49.7839,14.78,2729.5,159177.0,866.0,14.03,14.44
1982-03-31,94.7,9.0,3274.302,49.4477,14.68,2734.7,159177.0,931.0,14.18,14.52
1982-04-30,95.0,9.3,3331.972,48.9913,14.94,2755.1,159177.0,917.0,13.87,13.99
1982-05-31,95.9,9.4,3331.972,48.6669,14.45,2771.4,159177.0,1025.0,13.71,13.62
1982-06-30,97.0,9.6,3331.972,48.5415,14.15,2782.1,159177.0,902.0,14.44,14.66
1982-07-31,97.5,9.8,3366.322,48.3775,12.59,2798.8,159177.0,1166.0,13.68,13.17
1982-08-31,97.7,9.8,3366.322,47.9382,10.12,2813.0,159177.0,1046.0,12.81,11.99
1982-09-30,97.7,10.1,3366.322,47.8139,10.31,2819.6,159177.0,1144.0,11.73,11.23
1982-10-31,98.1,10.4,3402.561,47.3575,9.71,2833.7,159177.0,1173.0,10.71,9.85
1982-11-30,98.0,10.8,3402.561,47.2078,9.2,2853.2,159177.0,1372.0,10.79,9.96
1982-12-31,97.7,10.8,3402.561,46.8713,8.95,2872.4,159177.0,1303.0,10.36,9.48
1983-01-31,97.9,10.4,3473.413,47.7398,8.68,2882.6,159177.0,1586.0,10.8,9.58
1983-02-28,98.0,10.4,3473.413,47.4484,8.51,2889.6,159177.0,1699.0,10.27,9.31
1983-03-31,98.1,10.3,3473.413,47.8426,8.77,2907.3,159177.0,1606.0,10.62,9.87
1983-04-30,98.8,10.2,3578.848,48.4483,8.8,2922.9,159177.0,1472.0,10.27,9.35
1983-05-31,99.2,10.1,3578.848,48.747,8.63,2946.1,159177.0,1776.0,10.81,10.02
1983-06-30,99.4,10.1,3578.848,49.0434,8.98,2961.2,159177.0,1733.0,10.96,10.23
1983-07-31,99.8,9.4,3689.179,49.7739,9.37,2986.3,159177.0,1785.0,11.76,11.03
1983-08-31,100.1,9.5,3689.179,50.364,9.56,2994.7,159177.0,1910.0,11.98,11.18
1983-09-30,100.4,9.2,3689.179,51.0937,9.45,3025.6,159177.0,1710.0,11.44,10.53
1983-10-31,100.8,8.8,3794.706,51.4902,9.48,3059.6,159177.0,1715.0,11.74,10.61
1983-11-30,101.1,8.5,3794.706,51.721,9.34,3088.1,159177.0,1785.0,11.63,10.67
1983-12-31,101.4,8.3,3794.706,51.9769,9.47,3116.8,159177.0,1688.0,11.82,10.85
1984-01-31,102.1,8.0,3908.054,53.0088,9.56,3140.7,159177.0,1897.0,11.67,10.58
1984-02-29,102.6,7.8,3908.054,53.2486,9.59,3179.4,159177.0,2260.0,12.04,10.99
1984-03-31,102.9,7.8,3908.054,53.5028,9.91,3208.7,159177.0,1663.0,12.53,11.6
1984-04-30,103.3,7.7,4009.601,53.8233,10.29,3241.3,159177.0,1851.0,12.82,11.89
1984-05-31,103.5,7.4,4009.601,54.1104,10.32,3252.3,159177.0,1774.0,13.91,13.0
1984-06-30,103.7,7.2,4009.601,54.3075,11.06,3282.4,159177.0,1843.0,13.84,13.17
1984-07-31,104.1,7.5,4084.25,54.4587,11.23,3301.4,159177.0,1732.0,12.91,12.57
1984-08-31,104.4,7.5,4084.25,54.5239,11.64,3333.2,159177.0,1586.0,12.79,12.54
1984-09-30,104.7,7.3,4084.25,54.3696,11.3,3363.3,159177.0,1698.0,12.47,12.07
1984-10-31,105.1,7.4,4148.551,54.3474,9.99,3361.4,159177.0,1590.0,11.79,11.09
1984-11-30,105.3,7.2,4148.551,54.529,9.43,3383.8,159177.0,1689.0,11.58,10.5
1984-12-31,105.5,7.3,4148.551,54.5556,8.38,3416.4,159177.0,1612.0,11.55,10.02
1985-01-31,105.7,7.3,4230.168,54.527,8.35,3429.7,159177.0,1711.0,11.17,9.9
1985-02-28,106.3,7.2,4230.168,54.6871,8.5,3448.3,159177.0,1632.0,11.91,10.66
1985-03-31,106.8,7.2,4230.168,54.7673,8.58,3476.5,159177.0,1800.0,11.65,10.43
1985-04-30,107.0,7.3,4294.887,54.6467,8.27,3475.1,159177.0,1821.0,11.41,9.91
1985-05-31,107.2,7.2,4294.887,54.7396,7.97,3490.9,159177.0,1680.0,10.28,8.92
1985-06-30,107.5,7.4,4294.887,54.711,7.53,3512.8,159177.0,1676.0,10.25,8.67
1985-07-31,107.7,7.4,4386.773,54.4365,7.88,3526.6,159177.0,1684.0,10.57,9.01
1985-08-31,107.9,7.1,4386.773,54.6121,7.9,3538.1,159177.0,1743.0,10.28,8.96
1985-09-30,108.1,7.1,4386.773,54.8147,7.92,3560.4,159177.0,1676.0,10.31,8.88
1985-10-31,108.5,7.1,4444.094,54.6228,7.99,3583.4,159177.0,1834.0,10.01,8.7
1985-11-30,109.0,7.0,4444.094,54.8123,8.05,3599.4,159177.0,1698.0,9.59,8.46
1985-12-31,109.5,7.0,4444.094,55.3553,8.27,3633.5,159177.0,1942.0,9.0,7.98
1986-01-31,109.9,6.7,4507.894,55.6453,8.14,3647.9,159177.0,1972.0,9.08,7.99
1986-02-28,109.7,7.2,4507.894,55.2634,7.86,3665.9,159177.0,1848.0,8.13,7.71
1986-03-31,109.1,7.2,4507.894,54.8728,7.48,3692.4,159177.0,1876.0,7.39,6.92
1986-04-30,108.7,7.1,4545.34,54.935,6.99,3697.0,159177.0,1933.0,7.38,6.83
1986-05-31,109.0,7.2,4545.34,55.0399,6.85,3707.8,159177.0,1854.0,8.05,7.36
1986-06-30,109.4,7.2,4545.34,54.826,6.92,3722.7,159177.0,1847.0,7.35,6.81
1986-07-31,109.5,7.0,4607.669,55.167,6.56,3741.3,159177.0,1782.0,7.34,6.57
1986-08-31,109.6,6.9,4607.669,55.0726,6.17,3753.9,159177.0,1807.0,6.95,5.94
1986-09-30,110.0,7.0,4607.669,55.2237,5.89,3769.6,159177.0,1687.0,7.45,6.38
1986-10-31,110.2,7.0,4657.627,55.4589,5.85,3777.3,159177.0,1681.0,7.34,6.26
1986-11-30,110.4,6.9,4657.627,55.6763,6.04,3790.1,159177.0,1623.0,7.15,6.21
1986-12-31,110.8,6.6,4657.627,56.2078,6.91,3808.6,159177.0,1833.0,7.23,6.35
1987-01-31,111.4,6.6,4722.156,55.9911,6.43,3820.2,159177.0,1774.0,7.18,6.33
1987-02-28,111.8,6.6,4722.156,56.7373,6.1,3845.0,159177.0,1784.0,7.19,6.35
1987-03-31,112.2,6.6,4722.156,56.8136,6.13,3863.8,159177.0,1726.0,7.51,6.54
1987-04-30,112.7,6.3,4806.16,57.185,6.37,3875.4,159177.0,1614.0,8.21,7.38
1987-05-31,113.0,6.3,4806.16,57.5424,6.85,3908.6,159177.0,1628.0,8.49,7.69
1987-06-30,113.5,6.2,4806.16,57.8502,6.73,3919.7,159177.0,1594.0,8.38,7.48
1987-07-31,113.8,6.1,4884.555,58.2421,6.58,3942.1,159177.0,1575.0,8.66,7.63
1987-08-31,114.3,6.0,4884.555,58.6784,6.73,3978.6,159177.0,1605.0,9.0,7.97
1987-09-30,114.7,5.9,4884.555,58.9088,7.22,3995.6,159177.0,1695.0,9.63,8.6
1987-10-31,115.0,6.0,5007.994,59.7008,7.29,4034.7,159177.0,1515.0,8.88,7.58
1987-11-30,115.4,5.8,5007.994,59.9956,6.69,4062.1,159177.0,1656.0,8.99,7.73
1987-12-31,115.6,5.7,5007.994,60.3246,6.77,4115.7,159177.0,1400.0,8.83,7.77
1988-01-31,116.0,5.7,5073.372,60.309,6.83,4128.2,159177.0,1271.0,8.26,7.22
1988-02-29,116.2,5.7,5073.372,60.6122,6.58,4153.0,159177.0,1473.0,8.16,7.13
1988-03-31,116.5,5.7,5073.372,60.7452,6.58,4178.3,159177.0,1532.0,8.57,7.41
1988-04-30,117.2,5.4,5190.036,61.108,6.87,4209.5,159177.0,1573.0,8.87,7.73
1988-05-31,117.5,5.6,5190.036,60.9843,7.09,4225.9,159177.0,1421.0,9.2,8.21
1988-06-30,118.0,5.4,5190.036,61.1615,7.51,4258.9,159177.0,1478.0,8.82,8.02
1988-07-31,118.5,5.4,5282.835,61.171,7.75,4298.8,159177.0,1467.0,9.12,8.39
1988-08-31,119.0,5.6,5282.835,61.4771,8.01,4323.0,159177.0,1493.0,9.25,8.71
1988-09-30,119.5,5.4,5282.835,61.2785,8.19,4352.5,159177.0,1492.0,8.87,8.43
1988-10-31,119.9,5.4,5399.509,61.5488,8.3,4391.1,159177.0,1522.0,8.65,8.25
1988-11-30,120.3,5.3,5399.509,61.7049,8.35,4402.5,159177.0,1569.0,9.06,8.84
1988-12-31,120.7,5.3,5399.509,61.9851,8.76,4438.6,159177.0,1563.0,9.14,9.14
1989-01-31,121.2,5.4,5511.253,62.1677,9.12,4501.5,159177.0,1621.0,9.01,9.12
1989-02-28,121.6,5.2,5511.253,61.8916,9.36,4529.6,159177.0,1425.0,9.32,9.55
1989-03-31,122.2,5.0,5511.253,62.0508,9.85,4570.2,159177.0,1422.0,9.3,9.73
1989-04-30,123.1,5.2,5612.463,62.0289,9.84,4582.5,159177.0,1339.0,9.02,9.22
1989-05-31,123.7,5.2,5612.463,61.6871,9.81,4579.4,159177.0,1331.0,8.6,8.82
1989-06-30,124.1,5.3,5612.463,61.6857,9.53,4602.2,159177.0,1397.0,8.1,8.08
1989-07-31,124.5,5.2,5695.365,61.0896,9.24,4628.5,159177.0,1427.0,7.82,7.53
1989-08-31,124.5,5.2,5695.365,61.6847,8.99,4639.1,159177.0,1332.0,8.26,8.42
1989-09-30,124.8,5.3,5695.365,61.4794,9.02,4662.3,159177.0,1279.0,8.31,8.46
1989-10-31,125.4,5.3,5747.237,61.4014,8.84,4703.0,159177.0,1410.0,7.92,7.85
1989-11-30,125.9,5.4,5747.237,61.6081,8.55,4718.1,159177.0,1351.0,7.84,7.75
1989-12-31,126.3,5.4,5747.237,61.9588,8.45,4735.7,159177.0,1251.0,7.93,7.87
1990-01-31,127.5,5.4,5872.701,61.6352,8.23,4783.8,159177.0,1551.0,8.43,8.28
1990-02-28,128.0,5.3,5872.701,62.1951,8.24,4819.8,159177.0,1437.0,8.51,8.43
1990-03-31,128.6,5.2,5872.701,62.4916,8.28,4842.7,159177.0,1289.0,8.65,8.64
1990-04-30,128.9,5.4,5960.028,62.3511,8.26,4883.8,159177.0,1248.0,9.04,8.96
1990-05-31,129.1,5.4,5960.028,62.5353,8.18,4889.5,159177.0,1212.0,8.6,8.5
1990-06-30,129.9,5.2,5960.028,62.7479,8.29,4919.3,159177.0,1177.0,8.43,8.24
1990-07-31,130.5,5.5,6015.116,62.6435,8.15,4948.2,159177.0,1171.0,8.36,7.91
1990-08-31,131.6,5.7,6015.116,62.8704,8.13,4949.9,159177.0,1115.0,8.86,8.07
1990-09-30,132.5,5.9,6015.116,62.8839,8.2,4978.6,159177.0,1110.0,8.82,8.02
1990-10-31,133.4,5.9,6004.733,62.4973,8.11,4966.5,159177.0,1014.0,8.65,7.77
1990-11-30,133.7,6.2,6004.733,61.7175,7.81,4973.5,159177.0,1145.0,8.26,7.53
1990-12-31,134.2,6.3,6004.733,61.2885,7.31,5004.1,159177.0,969.0,8.08,7.15
1991-01-31,134.7,6.4,6035.178,61.0842,6.91,4990.4,159177.0,798.0,8.03,7.05
1991-02-28,134.8,6.6,6035.178,60.6387,6.25,4997.1,159177.0,965.0,8.02,7.04
1991-03-31,134.8,6.8,6035.178,60.2973,6.12,5005.8,159177.0,921.0,8.05,7.02
1991-04-30,135.1,6.7,6126.862,60.4524,5.91,5034.3,159177.0,1001.0,8.02,6.8
1991-05-31,135.6,6.9,6126.862,61.0587,5.78,5055.9,159177.0,996.0,8.06,6.68
1991-06-30,136.0,6.9,6126.862,61.5514,5.9,5090.8,159177.0,1036.0,8.24,6.9
1991-07-31,136.2,6.8,6205.937,61.7201,5.82,5087.0,159177.0,1063.0,8.2,6.81
1991-08-31,136.6,6.9,6205.937,61.7289,5.66,5108.4,159177.0,1049.0,7.82,6.36
1991-09-30,137.0,6.9,6205.937,62.2369,5.45,5141.5,159177.0,1015.0,7.47,5.99
1991-10-31,137.2,7.0,6264.54,62.1718,5.21,5157.7,159177.0,1079.0,7.47,5.7
1991-11-30,137.8,7.0,6264.54,62.0894,4.81,5177.0,159177.0,1103.0,7.38,5.38
1991-12-31,138.2,7.3,6264.54,61.806,4.43,5233.0,159177.0,1079.0,6.71,4.77
1992-01-31,138.3,7.3,6363.102,61.4823,4.03,5264.8,159177.0,1176.0,7.31,5.11
1992-02-29,138.6,7.4,6363.102,61.9192,4.06,5303.2,159189.0,1250.0,7.27,5.27
1992-03-31,139.1,7.4,6363.102,62.4403,3.98,5323.8,158647.0,1297.0,7.54,5.6
1992-04-30,139.4,7.4,6470.763,62.9199,3.73,5357.4,159921.0,1099.0,7.61,5.46
1992-05-31,139.7,7.6,6470.763,63.1268,3.82,5392.4,160471.0,1214.0,7.33,5.19
1992-06-30,140.1,7.8,6470.763,63.1624,3.76,5424.0,161205.0,1145.0,7.14,4.83
1992-07-31,140.5,7.7,6566.641,63.7348,3.25,5437.1,162855.0,1139.0,6.72,4.42
1992-08-31,140.8,7.6,6566.641,63.3802,3.3,5465.1,162412.0,1226.0,6.62,4.15
1992-09-30,141.1,7.6,6566.641,63.5834,3.22,5452.8,164361.0,1186.0,6.37,3.8
1992-10-31,141.7,7.3,6680.803,64.0178,3.1,5444.9,166063.0,1244.0,6.8,4.4
1992-11-30,142.1,7.4,6680.803,64.2628,3.09,5467.4,166124.0,1214.0,6.95,4.79
1992-12-31,142.3,7.4,6680.803,64.3599,2.92,5676.8,167691.0,1227.0,6.7,4.56
1993-01-31,142.8,7.3,6729.459,64.6135,3.02,5534.1,169500.0,1210.0,6.39,4.2
1993-02-28,143.1,7.1,6729.459,64.9262,3.03,5568.0,168840.0,1210.0,6.03,3.92
1993-03-31,143.3,7.0,6729.459,64.8627,3.07,5565.0,167682.0,1083.0,6.03,3.96
1993-04-30,143.8,7.1,6808.939,65.0423,2.96,5621.8,172102.0,1258.0,6.05,3.83
1993-05-31,144.2,7.1,6808.939,64.8006,3.0,5637.9,172960.0,1260.0,6.16,4.24
1993-06-30,144.3,7.0,6808.939,64.9476,3.04,5632.9,173018.0,1280.0,5.8,4.03
1993-07-31,144.5,6.9,6882.098,65.1142,3.06,5660.1,175822.0,1254.0,5.83,4.13
1993-08-31,144.8,6.8,6882.098,65.0421,3.03,5682.0,175233.0,1300.0,5.45,3.88
1993-09-30,145.0,6.7,6882.098,65.3749,3.09,5675.1,176608.0,1343.0,5.4,3.89
1993-10-31,145.6,6.8,7013.738,65.863,2.99,5669.1,177588.0,1392.0,5.43,3.99
1993-11-30,146.0,6.6,7013.738,66.1696,3.02,5694.4,179758.0,1376.0,5.83,4.22
1993-12-31,146.3,6.5,7013.738,66.5531,2.96,5893.8,181077.0,1533.0,5.83,4.25
1994-01-31,146.3,6.6,7115.652,66.7591,3.05,5779.0,179615.0,1272.0,5.7,4.12
1994-02-28,146.7,6.6,7115.652,66.8019,3.25,5798.0,183101.0,1337.0,6.15,4.67
1994-03-31,147.1,6.5,7115.652,67.4704,3.34,5829.4,186721.0,1564.0,6.77,5.21
1994-04-30,147.2,6.4,7246.931,67.8707,3.56,5890.5,186423.0,1465.0,7.06,5.73
1994-05-31,147.5,6.1,7246.931,68.187,4.01,5911.1,185616.0,1526.0,7.17,6.01
1994-06-30,147.9,6.1,7246.931,68.645,4.25,5917.5,187800.0,1409.0,7.34,6.19
1994-07-31,148.4,6.1,7331.075,68.7317,4.26,5946.4,188062.0,1439.0,7.12,5.99
1994-08-31,149.0,6.0,7331.075,69.1882,4.47,5968.7,190771.0,1450.0,7.19,6.17
1994-09-30,149.3,5.9,7331.075,69.3935,4.73,6001.5,192585.0,1474.0,7.62,6.62
1994-10-31,149.4,5.8,7455.288,69.9576,4.76,6065.3,193914.0,1450.0,7.81,6.84
1994-11-30,149.8,5.6,7455.288,70.4288,5.29,6075.4,194425.0,1511.0,7.91,7.4
1994-12-31,150.1,5.5,7455.288,71.1273,5.45,6108.1,194939.0,1455.0,7.84,7.69
1995-01-31,150.5,5.6,7522.289,71.2635,5.53,6148.6,195908.0,1407.0,7.6,7.26
1995-02-28,150.9,5.4,7522.289,71.1758,5.92,6173.3,193068.0,1316.0,7.22,6.79
1995-03-31,151.2,5.4,7522.289,71.2796,5.98,6200.3,195179.0,1249.0,7.2,6.8
1995-04-30,151.8,5.8,7580.997,71.1538,6.05,6223.9,195310.0,1267.0,7.07,6.6
1995-05-31,152.1,5.6,7580.997,71.4997,6.01,6238.3,198060.0,1314.0,6.3,5.89
1995-06-30,152.4,5.6,7580.997,71.7327,6.0,6267.4,200383.0,1281.0,6.21,5.79
1995-07-31,152.6,5.7,7683.125,71.4334,5.85,6296.3,199110.0,1461.0,6.45,5.88
1995-08-31,152.9,5.7,7683.125,72.3723,5.74,6319.0,201078.0,1416.0,6.28,5.85
1995-09-30,153.1,5.6,7683.125,72.6543,5.8,6347.7,201337.0,1369.0,6.17,5.83
1995-10-31,153.5,5.5,7772.586,72.5336,5.76,6373.5,200597.0,1369.0,6.03,5.61
1995-11-30,153.7,5.6,7772.586,72.717,5.8,6394.0,203545.0,1452.0,5.76,5.36
1995-12-31,153.9,5.6,7772.586,72.9638,5.6,6417.8,204032.0,1431.0,5.58,5.18
1996-01-31,154.7,5.6,7868.468,72.5712,5.56,6453.9,203793.0,1467.0,5.6,4.93
1996-02-29,155.0,5.5,7868.468,73.6207,5.22,6517.8,206875.0,1491.0,6.13,5.44
1996-03-31,155.5,5.5,7868.468,73.5141,5.31,6560.4,207650.0,1424.0,6.34,5.79
1996-04-30,156.1,5.6,8032.84,74.2491,5.22,6597.3,209294.0,1516.0,6.66,6.03
1996-05-31,156.4,5.6,8032.84,74.8142,5.24,6637.3,211157.0,1504.0,6.85,6.27
1996-06-30,156.7,5.3,8032.84,75.3726,5.27,6681.3,209474.0,1467.0,6.73,6.11
1996-07-31,157.0,5.5,8131.408,75.3738,5.4,6681.6,210827.0,1472.0,6.8,6.22
1996-08-31,157.2,5.1,8131.408,75.7557,5.22,6709.4,210846.0,1557.0,6.96,6.34
1996-09-30,157.7,5.2,8131.408,76.2302,5.3,6747.4,213233.0,1475.0,6.72,6.1
1996-10-31,158.2,5.2,8259.771,76.2157,5.24,6768.8,215526.0,1392.0,6.37,5.77
1996-11-30,158.7,5.4,8259.771,76.8973,5.31,6802.4,215167.0,1489.0,6.06,5.59
1996-12-31,159.1,5.4,8259.771,77.3772,5.29,6836.6,215690.0,1370.0,6.43,5.88
1997-01-31,159.4,5.3,8362.655,77.5135,5.25,6884.8,218124.0,1355.0,6.53,5.94
1997-02-28,159.7,5.2,8362.655,78.4255,5.19,6920.9,219587.0,1486.0,6.56,6.09
1997-03-31,159.8,5.2,8362.655,78.9197,5.39,6960.8,221189.0,1457.0,6.92,6.45
1997-04-30,159.9,5.1,8518.825,78.9848,5.51,6972.8,217925.0,1492.0,6.72,6.29
1997-05-31,159.9,4.9,8518.825,79.4296,5.5,7001.3,217771.0,1442.0,6.67,6.22
1997-06-30,160.2,5.0,8518.825,79.7971,5.56,7035.8,220233.0,1494.0,6.51,6.08
1997-07-31,160.4,4.9,8662.823,80.4666,5.52,7071.7,222985.0,1437.0,6.02,5.74
1997-08-31,160.8,4.8,8662.823,81.2825,5.54,7119.4,223120.0,1390.0,6.34,5.97
1997-09-30,161.2,4.9,8662.823,82.0327,5.54,7158.1,224509.0,1546.0,6.12,5.8
1997-10-31,161.5,4.7,8765.907,82.7656,5.5,7205.1,224300.0,1520.0,5.84,5.63
1997-11-30,161.7,4.6,8765.907,83.427,5.52,7257.0,223718.0,1510.0,5.86,5.76
1997-12-31,161.8,4.7,8765.907,83.784,5.5,7300.0,225236.0,1566.0,5.75,5.66
1998-01-31,162.0,4.6,8866.48,84.1564,5.56,7368.9,225954.0,1525.0,5.53,5.32
1998-02-28,162.0,4.6,8866.48,84.3066,5.51,7416.5,225746.0,1584.0,5.62,5.55
1998-03-31,162.0,4.7,8866.48,84.342,5.49,7464.0,226889.0,1567.0,5.67,5.6
1998-04-30,162.2,4.3,8969.699,84.6339,5.45,7501.7,230409.0,1540.0,5.68,5.59
1998-05-31,162.6,4.4,8969.699,85.1867,5.49,7547.0,230995.0,1536.0,5.56,5.53
1998-06-30,162.8,4.5,8969.699,84.6809,5.56,7584.4,233207.0,1641.0,5.44,5.49
1998-07-31,163.2,4.5,9121.097,84.3445,5.54,7616.9,231551.0,1698.0,5.5,5.49
1998-08-31,163.4,4.5,9121.097,86.0816,5.55,7656.2,229792.0,1614.0,5.05,4.91
1998-09-30,163.5,4.6,9121.097,86.0023,5.51,7678.1,232308.0,1582.0,4.44,4.3
1998-10-31,163.9,4.5,9293.991,86.591,5.07,7708.8,236174.0,1715.0,4.64,4.12
1998-11-30,164.1,4.4,9293.991,86.5115,4.83,7745.7,237592.0,1660.0,4.74,4.54
1998-12-31,164.4,4.4,9293.991,86.8615,4.68,7771.8,240140.0,1792.0,4.65,4.54
1999-01-31,164.7,4.3,9411.682,87.2205,4.63,7813.1,240269.0,1748.0,4.66,4.58
1999-02-28,164.7,4.4,9411.682,87.726,4.76,7840.9,243346.0,1670.0,5.29,5.13
1999-03-31,164.8,4.2,9411.682,87.9125,4.81,7855.9,244687.0,1710.0,5.25,4.99
1999-04-30,165.9,4.3,9526.21,88.1082,4.74,7871.1,246628.0,1553.0,5.36,5.08
1999-05-31,166.0,4.2,9526.21,88.6483,4.74,7894.2,248367.0,1611.0,5.64,5.42
1999-06-30,166.0,4.3,9526.21,88.5903,4.76,7925.1,249329.0,1559.0,5.81,5.53
1999-07-31,166.7,4.3,9686.626,89.1098,4.99,7965.8,251263.0,1669.0,5.92,5.63
1999-08-31,167.1,4.2,9686.626,89.5007,5.07,8016.9,253844.0,1648.0,5.98,5.73
1999-09-30,167.8,4.2,9686.626,89.1304,5.22,8041.2,255029.0,1635.0,5.9,5.63
1999-10-31,168.1,4.1,9900.169,90.2709,5.2,8102.4,254816.0,1608.0,6.02,5.79
1999-11-30,168.4,4.1,9900.169,90.7528,5.42,8165.3,258133.0,1648.0,6.18,6.01
1999-12-31,168.8,4.0,9900.169,91.4784,5.3,8251.2,263311.0,1708.0,6.45,6.24
2000-01-31,169.3,4.0,10002.179,91.4092,5.45,8348.0,261545.0,1636.0,6.68,6.61
2000-02-29,170.0,4.1,10002.179,91.7245,5.73,8408.8,265686.0,1737.0,6.42,6.53
2000-03-31,171.0,4.0,10002.179,92.083,5.85,8468.3,269019.0,1604.0,6.03,6.5
2000-04-30,170.9,3.8,10247.72,92.6659,6.02,8506.8,264067.0,1626.0,6.23,6.68
2000-05-31,171.2,4.0,10247.72,92.9347,6.27,8544.5,265992.0,1575.0,6.29,6.69
2000-06-30,172.2,4.0,10247.72,93.0018,6.53,8597.8,267750.0,1559.0,6.03,6.38
2000-07-31,172.7,4.0,10318.165,92.8373,6.54,8665.3,265683.0,1463.0,6.04,6.3
2000-08-31,172.7,4.1,10318.165,92.591,6.5,8712.2,266885.0,1541.0,5.73,6.18
2000-09-30,173.6,3.9,10318.165,92.9827,6.52,8757.7,270523.0,1507.0,5.8,5.98
2000-10-31,173.9,3.9,10435.744,92.64,6.51,8792.1,270339.0,1549.0,5.77,5.94
2000-11-30,174.2,3.9,10435.744,92.6604,6.51,8809.9,268850.0,1551.0,5.48,5.61
2000-12-31,174.6,3.9,10435.744,92.3457,6.4,8844.0,268338.0,1532.0,5.12,5.11
2001-01-31,175.6,4.2,10470.231,91.8908,5.98,8940.9,272881.0,1600.0,5.19,4.62
2001-02-28,176.0,4.2,10470.231,91.2851,5.49,8975.8,272627.0,1625.0,4.92,4.41
2001-03-31,176.1,4.3,10470.231,91.0585,5.31,9009.4,269820.0,1590.0,4.93,4.18
2001-04-30,176.4,4.4,10599.0,90.7384,4.8,9008.9,274410.0,1649.0,5.35,4.3
2001-05-31,177.3,4.3,10599.0,90.2607,4.21,9011.1,275769.0,1605.0,5.43,4.22
2001-06-30,177.7,4.5,10599.0,89.7811,3.97,9017.1,274474.0,1636.0,5.42,4.25
2001-07-31,177.4,4.6,10598.02,89.2352,3.77,9014.6,273098.0,1670.0,5.07,3.79
2001-08-31,177.4,4.9,10598.02,89.157,3.65,9001.4,275659.0,1567.0,4.85,3.64
2001-09-30,178.1,5.0,10598.02,88.6749,3.07,8975.3,268652.0,1562.0,4.6,2.86
2001-10-31,177.6,5.3,10660.465,88.4051,2.49,8987.3,288632.0,1540.0,4.3,2.44
2001-11-30,177.5,5.5,10660.465,87.886,2.09,8985.1,280033.0,1602.0,4.78,2.84
2001-12-31,177.4,5.7,10660.465,87.8518,1.82,8990.7,276302.0,1568.0,5.07,3.07
2002-01-31,177.7,5.7,10783.5,88.4634,1.73,9015.6,277135.0,1698.0,5.07,3.16
2002-02-28,178.0,5.7,10783.5,88.4578,1.74,9031.9,278869.0,1829.0,4.88,3.06
2002-03-31,178.5,5.7,10783.5,89.1265,1.73,9050.7,278079.0,1642.0,5.42,3.72
2002-04-30,179.3,5.9,10887.46,89.5507,1.75,9099.9,281147.0,1592.0,5.11,3.24
2002-05-31,179.5,5.8,10887.46,89.9348,1.75,9131.0,278966.0,1764.0,5.08,3.22
2002-06-30,179.6,5.8,10887.46,90.6736,1.75,9164.8,280426.0,1717.0,4.86,2.9
2002-07-31,180.0,5.8,10984.04,90.6436,1.73,9157.5,284161.0,1655.0,4.51,2.23
2002-08-31,180.5,5.7,10984.04,90.5505,1.74,9175.3,285884.0,1633.0,4.14,2.14
2002-09-30,180.8,5.7,10984.04,90.6373,1.75,9197.1,281064.0,1804.0,3.63,1.72
2002-10-31,181.2,5.7,11061.433,90.3988,1.75,9229.6,282940.0,1648.0,3.93,1.68
2002-11-30,181.5,5.9,11061.433,90.8947,1.34,9258.8,283408.0,1753.0,4.22,2.08
2002-12-31,181.8,6.0,11061.433,90.3906,1.24,9288.3,286646.0,1788.0,3.83,1.61
2003-01-31,182.6,5.8,11174.129,91.1369,1.24,9290.1,288657.0,1853.0,4.0,1.72
2003-02-28,183.6,5.9,11174.129,91.2505,1.26,9296.2,284696.0,1629.0,3.71,1.53
2003-03-31,183.9,5.9,11174.129,91.0006,1.25,9333.8,288177.0,1726.0,3.83,1.51
2003-04-30,183.2,6.0,11312.766,90.4311,1.26,9356.4,289053.0,1643.0,3.89,1.51
2003-05-31,182.9,6.1,11312.766,90.4,1.26,9414.4,289619.0,1751.0,3.37,1.33
2003-06-30,183.1,6.3,11312.766,90.5196,1.22,9455.3,293671.0,1867.0,3.54,1.32
2003-07-31,183.7,6.2,11566.669,90.9869,1.01,9491.6,296207.0,1897.0,4.49,1.8
2003-08-31,184.5,6.1,11566.669,90.7933,1.03,9538.8,299592.0,1833.0,4.45,1.95
2003-09-30,185.1,6.1,11566.669,91.3819,1.01,9582.5,298921.0,1939.0,3.96,1.5
2003-10-31,184.9,6.0,11772.234,91.5049,1.01,9620.4,298205.0,1967.0,4.33,1.85
2003-11-30,185.0,5.8,11772.234,92.1265,1.0,9688.2,299433.0,2083.0,4.34,2.06
2003-12-31,185.5,5.7,11772.234,92.1732,0.98,9713.2,300702.0,2057.0,4.27,1.84
2004-01-31,186.3,5.7,11923.447,92.3268,1.0,9731.8,301993.0,1911.0,4.16,1.84
2004-02-29,186.7,5.6,11923.447,92.8995,1.01,9765.4,303915.0,1846.0,3.99,1.66
2004-03-31,187.1,5.8,11923.447,92.5368,1.0,9815.8,309471.0,1998.0,3.86,1.6
2004-04-30,187.4,5.6,12112.815,92.8957,1.0,9865.8,307358.0,2003.0,4.53,2.31
2004-05-31,188.2,5.6,12112.815,93.5845,1.0,9950.0,311088.0,1981.0,4.66,2.54
2004-06-30,188.9,5.6,12112.815,92.8651,1.03,9988.4,309127.0,1828.0,4.62,2.7
2004-07-31,189.1,5.5,12305.307,93.5502,1.26,10033.0,311681.0,2002.0,4.5,2.68
2004-08-31,189.2,5.4,12305.307,93.6301,1.43,10078.2,311192.0,2024.0,4.13,2.41
2004-09-30,189.8,5.4,12305.307,93.7353,1.61,10110.5,317446.0,1905.0,4.14,2.63
2004-10-31,190.8,5.5,12527.214,94.5695,1.76,10159.3,318476.0,2072.0,4.05,2.56
2004-11-30,191.7,5.4,12527.214,94.8015,1.93,10171.5,320520.0,1782.0,4.36,3.02
2004-12-31,191.7,5.4,12527.214,95.5415,2.16,10520.8,324672.0,2042.0,4.24,3.08
2005-01-31,191.6,5.3,12767.286,95.8785,2.28,10247.0,321272.0,2144.0,4.14,3.29
2005-02-28,192.4,5.4,12767.286,96.5709,2.5,10282.7,325308.0,2207.0,4.36,3.59
2005-03-31,193.1,5.2,12767.286,96.4345,2.63,10347.9,326179.0,1864.0,4.5,3.8
2005-04-30,193.7,5.2,12922.656,96.6347,2.79,10412.1,329124.0,2061.0,4.21,3.66
2005-05-31,193.6,5.1,12922.656,96.7251,3.0,10464.1,327233.0,2025.0,4.0,3.6
2005-06-30,193.7,5.0,12922.656,97.1483,3.04,10498.0,337219.0,2068.0,3.94,3.66
2005-07-31,194.9,5.0,13142.642,96.8397,3.26,10558.3,339529.0,2054.0,4.28,4.02
2005-08-31,196.1,4.9,13142.642,97.1584,3.5,10619.6,335605.0,2095.0,4.02,3.84
2005-09-30,198.8,5.0,13142.642,95.2764,3.62,10687.7,336600.0,2151.0,4.34,4.18
2005-10-31,199.1,5.0,13324.204,96.4411,3.78,10767.3,336753.0,2065.0,4.57,4.4
2005-11-30,198.1,5.0,13324.204,97.5016,4.0,10815.4,339719.0,2147.0,4.49,4.42
2005-12-31,198.1,4.9,13324.204,97.9723,4.16,10853.1,339895.0,1994.0,4.39,4.41
2006-01-31,199.3,4.7,13599.16,98.127,4.29,11038.6,349664.0,2273.0,4.53,4.54
2006-02-28,199.4,4.8,13599.16,98.1687,4.49,11102.6,347021.0,2119.0,4.55,4.69
2006-03-31,199.7,4.7,13599.16,98.3913,4.59,11171.8,348357.0,1969.0,4.86,4.82
2006-04-30,200.7,4.7,13753.424,98.6826,4.79,11229.5,350072.0,1821.0,5.07,4.87
2006-05-31,201.3,4.6,13753.424,98.7074,4.94,11251.1,348889.0,1942.0,5.12,5.04
2006-06-30,201.8,4.6,13753.424,99.0398,4.99,11292.8,350795.0,1802.0,5.15,5.16
2006-07-31,202.9,4.7,13870.188,98.9751,5.24,11322.1,351916.0,1737.0,4.99,4.97
2006-08-31,203.8,4.7,13870.188,99.4047,5.25,11346.8,353285.0,1650.0,4.74,4.79
2006-09-30,202.8,4.5,13870.188,99.2246,5.25,11383.9,351240.0,1720.0,4.64,4.71
2006-10-31,201.9,4.4,14039.56,99.1229,5.25,11417.8,351035.0,1491.0,4.61,4.71
2006-11-30,202.0,4.5,14039.56,99.0963,5.25,11479.3,352116.0,1570.0,4.46,4.62
2006-12-31,203.1,4.4,14039.56,100.1125,5.24,11587.6,356367.0,1649.0,4.71,4.82
2007-01-31,203.437,4.6,14215.651,99.7546,5.25,11647.1,355792.0,1409.0,4.83,4.94
2007-02-28,204.226,4.5,14215.651,100.7166,5.26,11734.2,356545.0,1480.0,4.56,4.65
2007-03-31,205.288,4.4,14215.651,100.8952,5.26,11821.4,359415.0,1495.0,4.65,4.58
2007-04-30,205.904,4.5,14402.082,101.5723,5.25,11868.1,358562.0,1490.0,4.63,4.6
2007-05-31,206.755,4.4,14402.082,101.6269,5.25,11908.7,363085.0,1415.0,4.9,4.92
2007-06-30,207.234,4.6,14402.082,101.6547,5.25,11929.2,360234.0,1448.0,5.03,4.87
2007-07-31,207.603,4.7,14564.117,101.4953,5.26,11955.7,361770.0,1354.0,4.78,4.56
2007-08-31,207.667,4.6,14564.117,101.6943,5.02,11963.1,363676.0,1330.0,4.54,4.15
2007-09-30,208.547,4.7,14564.117,101.9428,4.94,12025.5,365178.0,1183.0,4.59,3.97
2007-10-31,209.19,4.7,14715.058,101.6446,4.76,12046.8,367322.0,1264.0,4.48,3.94
2007-11-30,210.834,4.7,14715.058,102.2167,4.49,12102.8,370776.0,1197.0,3.97,3.04
2007-12-31,211.445,5.0,14715.058,102.2764,4.24,12182.7,366569.0,1037.0,4.04,3.05
2008-01-31,212.174,5.0,14706.538,102.1493,3.94,12227.8,367368.0,1084.0,3.67,2.17
2008-02-29,212.687,4.9,14706.538,101.7756,2.98,12264.9,364126.0,1103.0,3.53,1.65
2008-03-31,213.448,5.1,14706.538,101.4508,2.61,12314.7,365164.0,1005.0,3.45,1.62
2008-04-30,213.942,5.0,14865.701,100.7554,2.28,12302.6,364816.0,1013.0,3.77,2.29
2008-05-31,215.208,5.4,14865.701,100.1336,1.98,12879.3,368255.0,973.0,4.06,2.66
2008-06-30,217.463,5.6,14865.701,99.8728,2.0,12661.0,368926.0,1046.0,3.99,2.63
2008-07-31,219.016,5.8,14898.999,99.4194,2.01,12514.8,367594.0,923.0,3.99,2.52
2008-08-31,218.69,6.1,14898.999,97.8491,2.0,12426.0,364611.0,844.0,3.83,2.36
2008-09-30,218.877,6.1,14898.999,93.5576,1.81,12445.0,358991.0,820.0,3.85,2.0
2008-10-31,216.995,6.5,14608.209,94.4985,0.97,12446.5,346137.0,777.0,4.01,1.56
2008-11-30,213.153,6.8,14608.209,93.2617,0.39,12387.1,332498.0,652.0,2.93,1.0
2008-12-31,211.398,7.3,14608.209,90.6266,0.16,12238.5,324767.0,560.0,2.25,0.76
2009-01-31,211.933,7.8,14430.902,88.3712,0.15,12125.6,329787.0,490.0,2.87,0.94
2009-02-28,212.705,8.3,14430.902,87.843,0.22,12007.4,328376.0,582.0,3.02,1.0
2009-03-31,212.495,8.7,14430.902,86.4689,0.18,11965.3,322634.0,505.0,2.71,0.81
2009-04-30,212.709,9.0,14381.236,85.7903,0.15,12009.4,324323.0,478.0,3.16,0.91
2009-05-31,213.022,9.4,14381.236,84.9436,0.18,12179.6,327011.0,540.0,3.47,0.92
2009-06-30,214.79,9.5,14381.236,84.6746,0.21,12042.9,332227.0,585.0,3.53,1.11
2009-07-31,214.726,9.5,14448.882,85.6853,0.16,11998.4,333670.0,594.0,3.52,1.13
2009-08-31,215.445,9.6,14448.882,86.6393,0.16,12011.2,339586.0,586.0,3.4,0.97
2009-09-30,215.861,9.8,14448.882,87.3821,0.15,12061.1,330998.0,585.0,3.31,0.95
2009-10-31,216.509,10.0,14651.249,87.5809,0.12,12069.4,334595.0,534.0,3.41,0.9
2009-11-30,217.234,9.9,14651.249,87.9388,0.12,12129.6,337321.0,588.0,3.21,0.67
2009-12-31,217.347,9.9,14651.249,88.2404,0.12,12188.2,338736.0,581.0,3.85,1.14
2010-01-31,217.488,9.8,14764.61,89.1897,0.11,12267.7,339093.0,614.0,3.63,0.82
2010-02-28,217.281,9.8,14764.61,89.5046,0.13,12267.6,339580.0,604.0,3.61,0.81
2010-03-31,217.353,9.9,14764.61,90.1356,0.16,12330.9,346974.0,636.0,3.84,1.02
2010-04-30,217.403,9.9,14980.193,90.4607,0.2,12441.8,349869.0,687.0,3.69,0.97
2010-05-31,217.29,9.6,14980.193,91.7014,0.2,12543.7,346858.0,583.0,3.31,0.76
2010-06-30,217.199,9.4,14980.193,91.9033,0.18,12550.7,346516.0,536.0,2.97,0.61
2010-07-31,217.605,9.4,15141.607,92.2549,0.18,12588.7,347612.0,546.0,2.94,0.55
2010-08-31,217.923,9.5,15141.607,92.5936,0.19,12652.9,349188.0,599.0,2.47,0.47
2010-09-30,218.275,9.5,15141.607,92.8533,0.19,12673.4,352179.0,594.0,2.53,0.42
2010-10-31,219.035,9.4,15309.474,92.6033,0.19,12723.6,356215.0,543.0,2.63,0.34
2010-11-30,219.59,9.8,15309.474,92.6686,0.19,12765.5,359450.0,545.0,2.81,0.45
2010-12-31,220.472,9.3,15309.474,93.5916,0.18,12873.1,361979.0,539.0,3.3,0.61
2011-01-31,221.187,9.1,15351.448,93.3889,0.17,13080.7,364394.0,630.0,3.42,0.58
2011-02-28,221.898,9.0,15351.448,93.0045,0.16,13155.6,367475.0,517.0,3.42,0.69
2011-03-31,223.046,9.0,15351.448,93.9684,0.14,13178.2,370775.0,600.0,3.47,0.8
2011-04-30,224.093,9.1,15557.539,93.6571,0.1,13212.8,372820.0,554.0,3.32,0.61
2011-05-31,224.806,9.0,15557.539,93.7723,0.09,13239.1,372505.0,561.0,3.05,0.45
2011-06-30,224.806,9.1,15557.539,94.0493,0.09,13295.7,375587.0,608.0,3.18,0.45
2011-07-31,225.395,9.0,15647.68,94.4958,0.07,13375.8,375442.0,623.0,2.82,0.36
2011-08-31,226.106,9.0,15647.68,95.0974,0.1,13400.3,375860.0,585.0,2.23,0.2
2011-09-30,226.597,9.0,15647.68,95.0244,0.08,13401.5,380042.0,650.0,1.92,0.25
2011-10-31,226.75,8.8,15842.259,95.6891,0.07,13406.4,382207.0,610.0,2.17,0.25
2011-11-30,227.169,8.6,15842.259,95.6778,0.08,13419.7,383422.0,711.0,2.08,0.25
2011-12-31,227.223,8.5,15842.259,96.1809,0.07,13548.9,383985.0,694.0,1.89,0.25
2012-01-31,227.842,8.3,16068.805,96.7595,0.08,13631.6,387531.0,723.0,1.83,0.22
2012-02-29,228.329,8.3,16068.805,97.0662,0.1,13731.1,392310.0,704.0,1.98,0.3
2012-03-31,228.807,8.2,16068.805,96.5609,0.13,13798.5,393698.0,695.0,2.23,0.33
2012-04-30,229.187,8.2,16207.115,97.251,0.14,13868.1,392073.0,753.0,1.95,0.27
2012-05-31,228.713,8.2,16207.115,97.4595,0.16,13850.3,391376.0,708.0,1.59,0.27
2012-06-30,228.524,8.2,16207.115,97.4768,0.16,13837.1,387901.0,757.0,1.67,0.33
2012-07-31,228.59,8.2,16319.541,97.6714,0.16,13752.9,389686.0,740.0,1.51,0.23
2012-08-31,229.918,8.1,16319.541,97.2734,0.13,13768.5,394524.0,754.0,1.57,0.22
2012-09-30,231.015,7.8,16319.541,97.2217,0.14,13914.1,397681.0,847.0,1.65,0.23
2012-10-31,231.638,7.8,16420.419,97.5311,0.16,14049.2,397494.0,915.0,1.72,0.3
2012-11-30,231.249,7.7,16420.419,97.9084,0.16,14230.7,399708.0,833.0,1.62,0.25
2012-12-31,231.221,7.9,16420.419,98.1884,0.16,14581.4,401093.0,976.0,1.78,0.25
2013-01-31,231.679,8.0,16648.189,98.1736,0.14,13880.4,404434.0,888.0,2.02,0.27
2013-02-28,232.937,7.7,16648.189,98.6434,0.15,13902.0,409118.0,962.0,1.89,0.25
2013-03-31,232.282,7.5,16648.189,99.047,0.14,13932.2,406223.0,1010.0,1.87,0.25
2013-04-30,231.797,7.6,16728.687,98.9445,0.15,13974.9,404231.0,835.0,1.7,0.22
2013-05-31,231.893,7.5,16728.687,99.0383,0.11,14052.5,406677.0,930.0,2.16,0.3
2013-06-30,232.445,7.5,16728.687,99.2221,0.09,14083.9,407921.0,839.0,2.52,0.36
2013-07-31,232.9,7.3,16953.838,98.8987,0.09,14072.0,410268.0,880.0,2.6,0.31
2013-08-31,233.456,7.2,16953.838,99.4897,0.08,14117.3,409691.0,917.0,2.78,0.39
2013-09-30,233.544,7.2,16953.838,100.021,0.08,14181.7,410044.0,850.0,2.64,0.33
2013-10-31,233.669,7.2,17192.019,99.9037,0.09,14152.3,411399.0,925.0,2.57,0.31
2013-11-30,234.1,6.9,17192.019,100.1582,0.08,14209.6,412561.0,1100.0,2.75,0.28
2013-12-31,234.719,6.7,17192.019,100.374,0.09,14266.5,414812.0,1002.0,3.04,0.38
2014-01-31,235.288,6.6,17197.738,99.9899,0.07,14369.2,411561.0,888.0,2.67,0.34
2014-02-28,235.547,6.7,17197.738,100.7471,0.07,14456.4,416736.0,944.0,2.66,0.33
2014-03-31,236.028,6.7,17197.738,101.7435,0.08,14555.0,421230.0,970.0,2.73,0.44
2014-04-30,236.468,6.2,17518.508,101.8273,0.09,14624.5,425546.0,1043.0,2.67,0.42
2014-05-31,236.918,6.3,17518.508,102.2392,0.09,14689.5,426253.0,1007.0,2.48,0.37
2014-06-30,237.231,6.1,17518.508,102.5774,0.1,14760.1,427305.0,911.0,2.53,0.47
2014-07-31,237.498,6.2,17804.228,102.7954,0.09,14821.1,428079.0,1085.0,2.58,0.53
2014-08-31,237.46,6.1,17804.228,102.6322,0.09,14894.2,431379.0,984.0,2.35,0.48
2014-09-30,237.477,5.9,17804.228,102.9417,0.09,14951.2,430189.0,1023.0,2.52,0.58
2014-10-31,237.43,5.7,17912.079,102.9611,0.09,15022.7,431903.0,1074.0,2.35,0.5
2014-11-30,236.983,5.8,17912.079,103.5978,0.09,15094.0,433113.0,1001.0,2.18,0.47
2014-12-31,236.252,5.6,17912.079,103.6151,0.12,15170.9,430110.0,1073.0,2.17,0.67
2015-01-31,234.747,5.7,18063.529,102.7923,0.11,15230.8,428208.0,1085.0,1.68,0.47
2015-02-28,235.342,5.5,18063.529,102.1366,0.11,15313.3,427119.0,886.0,2.0,0.63
2015-03-31,235.976,5.4,18063.529,101.7869,0.11,15314.2,433647.0,960.0,1.94,0.56
2015-04-30,236.222,5.4,18279.784,101.2255,0.12,15373.5,434470.0,1190.0,2.05,0.58
2015-05-31,237.001,5.6,18279.784,100.7675,0.12,15442.7,437865.0,1079.0,2.12,0.61
2015-06-30,237.657,5.3,18279.784,100.4588,0.13,15479.0,437951.0,1205.0,2.35,0.64
2015-07-31,238.034,5.2,18401.626,101.0893,0.13,15518.6,441942.0,1146.0,2.2,0.67
2015-08-31,238.033,5.1,18401.626,100.9165,0.14,15550.5,441849.0,1130.0,2.21,0.74
2015-09-30,237.498,5.0,18401.626,100.633,0.14,15570.5,439867.0,1224.0,2.06,0.64
2015-10-31,237.733,5.0,18435.137,100.1563,0.12,15608.0,438693.0,1058.0,2.16,0.75
2015-11-30,238.017,5.1,18435.137,99.4366,0.12,15615.4,440303.0,1172.0,2.21,0.94
2015-12-31,237.761,5.0,18435.137,98.9471,0.24,15668.4,442149.0,1146.0,2.27,1.06
2016-01-31,237.652,4.8,18525.933,99.4391,0.34,15695.5,439466.0,1092.0,1.94,0.76
2016-02-29,237.336,4.9,18525.933,98.9232,0.38,15695.9,443117.0,1225.0,1.74,0.78
2016-03-31,238.08,5.0,18525.933,98.1635,0.36,15731.6,441856.0,1111.0,1.78,0.73
2016-04-30,238.992,5.1,18711.702,98.4775,0.37,15758.9,444254.0,1163.0,1.83,0.77
2016-05-31,239.557,4.8,18711.702,98.2549,0.37,15777.2,445490.0,1148.0,1.84,0.87
2016-06-30,240.222,4.9,18711.702,98.7315,0.38,15821.4,450237.0,1203.0,1.49,0.58
2016-07-31,240.101,4.8,18892.639,98.8452,0.39,15891.5,449789.0,1239.0,1.46,0.67
2016-08-31,240.545,4.9,18892.639,98.7427,0.4,15931.3,449946.0,1171.0,1.58,0.8
2016-09-30,241.176,5.0,18892.639,98.6552,0.4,15999.1,453056.0,1068.0,1.6,0.77
2016-10-31,241.741,4.9,19089.379,98.7237,0.4,16059.4,453847.0,1313.0,1.84,0.86
2016-11-30,242.026,4.7,19089.379,98.3443,0.41,16107.6,453892.0,1140.0,2.37,1.11
2016-12-31,242.637,4.7,19089.379,99.0406,0.54,16182.5,459305.0,1252.0,2.45,1.2
2017-01-31,243.618,4.7,19280.084,98.8158,0.65,16293.3,464412.0,1190.0,2.45,1.19
2017-02-28,244.006,4.6,19280.084,98.4356,0.66,16363.5,464284.0,1271.0,2.36,1.22
2017-03-31,243.892,4.4,19280.084,99.0492,0.79,16415.1,463674.0,1190.0,2.4,1.27
2017-04-30,244.193,4.4,19438.643,100.0416,0.9,16476.0,465276.0,1146.0,2.29,1.28
2017-05-31,244.004,4.4,19438.643,100.128,0.91,16573.2,462754.0,1157.0,2.21,1.28
2017-06-30,244.163,4.3,19438.643,100.337,1.04,16604.0,465130.0,1249.0,2.31,1.38
2017-07-31,244.243,4.3,19692.595,100.0865,1.15,16665.9,465089.0,1206.0,2.3,1.34
2017-08-31,245.183,4.4,19692.595,99.6323,1.16,16733.7,466020.0,1159.0,2.12,1.33
2017-09-30,246.435,4.3,19692.595,99.7482,1.15,16841.9,475724.0,1181.0,2.33,1.47
2017-10-31,246.626,4.2,20037.088,100.9893,1.15,16930.8,476107.0,1257.0,2.38,1.6
2017-11-30,247.284,4.2,20037.088,101.2493,1.16,16997.5,480949.0,1273.0,2.42,1.78
2017-12-31,247.805,4.1,20037.088,101.4871,1.3,17058.2,483586.0,1177.0,2.4,1.89
2018-01-31,248.859,4.0,20328.553,101.4852,1.41,17141.7,481414.0,1299.0,2.72,2.14
2018-02-28,249.529,4.1,20328.553,101.7319,1.42,17204.1,484031.0,1277.0,2.87,2.25
2018-03-31,249.577,4.0,20328.553,102.1943,1.51,17268.2,484110.0,1318.0,2.74,2.27
2018-04-30,250.227,4.0,20580.912,103.3551,1.69,17328.7,484154.0,1276.0,2.95,2.49
2018-05-31,250.792,3.8,20580.912,102.381,1.7,17404.4,491960.0,1357.0,2.83,2.4
2018-06-30,251.018,4.0,20580.912,103.2256,1.82,17488.4,490228.0,1192.0,2.85,2.52
2018-07-31,251.214,3.8,20798.73,103.3561,1.91,17587.6,493142.0,1208.0,2.96,2.67
2018-08-31,251.663,3.8,20798.73,104.0585,1.91,17664.0,493445.0,1288.0,2.86,2.62
2018-09-30,252.182,3.7,20798.73,104.1038,1.95,17693.5,491507.0,1250.0,3.05,2.81
2018-10-31,252.772,3.8,20917.867,103.9297,2.19,17749.8,496416.0,1221.0,3.15,2.87
2018-11-30,252.594,3.8,20917.867,104.0126,2.2,17795.7,498854.0,1181.0,3.01,2.8
2018-12-31,252.767,3.9,20917.867,104.0451,2.27,18012.4,489113.0,1095.0,2.69,2.48
2019-01-31,252.561,4.0,21111.6,103.3598,2.4,18078.6,490440.0,1226.0,2.63,2.45
2019-02-28,253.319,3.8,21111.6,102.8251,2.4,18152.9,491751.0,1121.0,2.73,2.52
2019-03-31,254.277,3.8,21111.6,102.8361,2.41,18226.6,499292.0,1191.0,2.41,2.27
2019-04-30,255.233,3.7,21397.938,102.2748,2.42,18266.8,499343.0,1272.0,2.51,2.27
2019-05-31,255.296,3.6,21397.938,102.4176,2.39,18286.9,504741.0,1293.0,2.14,1.95
2019-06-30,255.213,3.6,21397.938,102.5425,2.38,18324.3,505251.0,1243.0,2.0,1.75
2019-07-31,255.802,3.7,21717.171,102.0057,2.4,18342.4,509091.0,1240.0,2.02,1.89
2019-08-31,256.036,3.6,21717.171,102.7814,2.13,18432.4,512561.0,1375.0,1.5,1.5
2019-09-30,256.43,3.5,21717.171,102.4601,2.04,18477.3,509282.0,1311.0,1.68,1.63
2019-10-31,257.155,3.6,21933.217,101.5878,1.83,18546.3,510648.0,1325.0,1.69,1.52
2019-11-30,257.879,3.6,21933.217,102.1494,1.55,18629.5,514215.0,1353.0,1.78,1.61
2019-12-31,258.63,3.6,21933.217,101.9421,1.55,18594.0,515866.0,1548.0,1.92,1.58
2020-01-31,259.127,3.6,21751.238,101.3372,1.55,18808.1,515119.0,1581.0,1.51,1.33
2020-02-29,259.25,3.5,21751.238,101.6718,1.58,18904.6,515330.0,1549.0,1.13,0.86
2020-03-31,258.076,4.4,21751.238,97.606,0.65,18591.4,468324.0,1266.0,0.7,0.23
2020-04-30,256.032,14.8,19958.291,84.6812,0.05,20752.1,401028.0,936.0,0.64,0.2
2020-05-31,255.802,13.2,19958.291,86.0108,0.05,19893.3,478449.0,1039.0,0.65,0.16
2020-06-30,257.042,11.0,19958.291,91.6745,0.08,19949.4,518038.0,1266.0,0.66,0.16
2020-07-31,258.352,10.2,21704.437,95.0037,0.09,20199.6,526304.0,1526.0,0.55,0.11
2020-08-31,259.316,8.4,21704.437,95.9294,0.1,19597.4,530735.0,1396.0,0.72,0.14
2020-09-30,259.997,7.8,21704.437,95.8914,0.09,19758.2,541302.0,1473.0,0.69,0.13
2020-10-31,260.319,6.9,22087.16,96.5256,0.09,19763.6,539114.0,1543.0,0.88,0.14
2020-11-30,260.911,6.7,22087.16,96.9529,0.09,19620.7,533941.0,1543.0,0.84,0.16
2020-12-31,262.045,6.7,22087.16,98.2039,0.09,19741.5,538548.0,1614.0,0.93,0.13
2021-01-31,262.639,6.4,22680.693,98.8135,0.09,21826.1,559230.0,1630.0,1.11,0.11
2021-02-28,263.573,6.2,22680.693,95.5072,0.08,20313.1,544891.0,1404.0,1.44,0.14
2021-03-31,264.847,6.1,22680.693,98.1929,0.07,24535.1,603581.0,1696.0,1.74,0.16
2021-04-30,266.625,6.1,23425.91,98.3317,0.07,21372.5,608961.0,1495.0,1.65,0.16
2021-05-31,268.404,5.8,23425.91,99.1867,0.06,20970.3,605282.0,1589.0,1.58,0.14
2021-06-30,270.71,5.9,23425.91,99.6483,0.08,21008.4,611950.0,1650.0,1.45,0.25
2021-07-31,271.965,5.4,23982.379,100.0668,0.1,21234.4,601817.0,1597.0,1.24,0.19
2021-08-31,272.752,5.1,23982.379,100.0412,0.09,21285.2,605533.0,1594.0,1.3,0.2
2021-09-30,273.942,4.7,23982.379,98.9955,0.08,21164.2,609671.0,1577.0,1.52,0.28
2021-10-31,276.528,4.5,24813.6,100.3542,0.08,21330.9,618573.0,1579.0,1.55,0.48
2021-11-30,278.824,4.2,24813.6,101.2684,0.08,21439.1,624874.0,1705.0,1.43,0.52
2021-12-31,280.806,3.9,24813.6,101.1948,0.08,21507.6,619938.0,1722.0,1.52,0.73
2022-01-31,282.542,4.0,25250.347,101.2146,0.08,21503.8,631509.0,1702.0,1.79,1.18
2022-02-28,284.525,3.8,25250.347,101.8458,0.08,21649.2,638101.0,1735.0,1.83,1.44
2022-03-31,287.467,3.7,25250.347,102.6732,0.2,21747.5,651027.0,1712.0,2.32,2.28
2022-04-30,288.582,3.7,25861.292,102.9024,0.33,21821.7,660194.0,1820.0,2.89,2.7
2022-05-31,291.299,3.6,25861.292,102.9659,0.77,21907.2,659847.0,1531.0,2.85,2.53
2022-06-30,295.072,3.6,25861.292,102.8224,1.21,22011.1,666113.0,1551.0,2.98,2.92
2022-07-31,294.94,3.5,26336.304,103.0505,1.68,22218.4,659550.0,1381.0,2.67,2.89
2022-08-31,295.162,3.6,26336.304,103.1703,2.33,22357.1,663566.0,1531.0,3.15,3.45
2022-09-30,296.421,3.5,26336.304,103.5326,2.56,22487.0,661854.0,1488.0,3.83,4.22
2022-10-31,297.979,3.6,26770.514,103.4442,3.08,22636.4,668671.0,1435.0,4.1,4.51
2022-11-30,298.708,3.6,26770.514,103.1058,3.78,22705.7,659458.0,1424.0,3.68,4.38
2022-12-31,298.808,3.5,26770.514,101.8266,4.1,22800.5,651763.0,1308.0,3.88,4.41
2023-01-31,300.456,3.5,27216.445,102.7476,4.33,22965.0,680253.0,1361.0,3.52,4.21
2023-02-28,301.476,3.6,27216.445,102.8003,4.57,23113.0,672152.0,1399.0,3.92,4.81
2023-03-31,301.643,3.5,27216.445,102.8143,4.65,23248.0,665071.0,1377.0,3.48,4.06
2023-04-30,302.858,3.4,27530.055,103.2241,4.83,23359.9,670494.0,1354.0,3.44,4.04
2023-05-31,303.316,3.6,27530.055,102.9809,5.06,23468.5,673902.0,1584.0,3.64,4.4
2023-06-30,304.099,3.6,27530.055,102.3809,5.08,23556.2,677117.0,1421.0,3.81,4.87
2023-07-31,304.615,3.5,28074.846,103.0722,5.12,23635.2,678424.0,1460.0,3.97,4.88
2023-08-31,306.138,3.7,28074.846,103.0951,5.33,23737.7,684755.0,1317.0,4.09,4.85
2023-09-30,307.374,3.8,28074.846,103.3081,5.33,23833.1,689403.0,1371.0,4.59,5.03
2023-10-31,307.653,3.9,28424.722,102.5781,5.33,23919.7,686148.0,1368.0,4.88,5.07
2023-11-30,308.087,3.7,28424.722,102.8868,5.33,24038.2,685328.0,1514.0,4.37,4.73
2023-12-31,308.735,3.8,28424.722,102.6309,5.33,24145.9,686277.0,1521.0,3.88,4.23
2024-01-31,309.794,3.7,28708.161,101.483,5.33,24363.4,680456.0,1381.0,3.99,4.27
2024-02-29,311.022,3.9,28708.161,102.7267,5.33,24475.0,685280.0,1552.0,4.25,4.64
2024-03-31,312.107,3.9,28708.161,102.5186,5.33,24597.8,687641.0,1312.0,4.2,4.59
2024-04-30,313.016,3.9,29147.044,102.3568,5.33,24690.5,687602.0,1385.0,4.69,5.04
2024-05-31,313.14,4.0,29147.044,102.9797,5.33,24807.7,692774.0,1316.0,4.51,4.89
2024-06-30,313.131,4.1,29147.044,103.2534,5.33,24904.1,692449.0,1327.0,4.36,4.71
2024-07-31,313.566,4.2,29511.664,102.5192,5.33,24950.8,698835.0,1265.0,4.09,4.29
2024-08-31,314.131,4.2,29511.664,103.0196,5.33,25013.0,697157.0,1391.0,3.91,3.91
2024-09-30,314.851,4.1,29511.664,102.5954,5.13,25101.3,703079.0,1357.0,3.81,3.66
2024-10-31,315.564,4.1,29825.182,102.2138,4.83,25226.6,707613.0,1352.0,4.28,4.16
2024-11-30,316.449,4.2,29825.182,101.9503,4.64,25322.1,712145.0,1295.0,4.18,4.13
2024-12-31,317.603,4.1,29825.182,103.0447,4.48,25418.6,717662.0,1514.0,4.58,4.25
2025-01-31,319.086,4.0,30042.113,102.8805,4.33,25570.5,711461.0,1358.0,4.58,4.22
2025-02-28,319.775,4.1,30042.113,103.8705,4.33,25705.4,711757.0,1490.0,4.24,3.99
2025-03-31,319.615,4.2,30042.113,103.5408,4.33,25877.3,722572.0,1355.0,4.23,3.89
2025-04-30,320.321,4.2,30485.729,103.6224,4.33,26111.5,721789.0,1398.0,4.17,3.6
2025-05-31,320.58,4.2,30485.729,103.657,4.33,26011.2,716101.0,1282.0,4.41,3.89
2025-06-30,321.5,4.1,30485.729,104.2115,4.33,26078.6,723033.0,1382.0,4.24,3.72
2025-07-31,322.132,4.2,30485.729,103.8194,4.33,26184.2,727414.0,1429.0,4.37,3.94
2025-08-31,323.364,4.3,30485.729,103.9203,4.33,26279.9,732010.0,1307.0,4.23,3.59
